USER,FIRST NAME,LAST NAME
phillip.allen,phillip,allen
sara.shackleton,sara,shackleton
bob.hagen,bob,hagen
kate.symes,kate,symes
sheila.nacey,sheila,nacey
kaye.ellis,kaye,ellis
kimberly.hundl,kimberly,hundl
david.minns,david,minns
susan.musch,susan,musch
robert.cotten,robert,cotten
elizabeth.sager,elizabeth,sager
deborah.cappiello,deborah,cappiello
morris.j,morris,j
cara.semperger,cara,semperger
bradley.holmes,bradley,holmes
winston.goodbody,winston,goodbody
daren.farmer,daren,farmer
brent.hendry,brent,hendry
william.bradford,william,bradford
melissa.murphy,melissa,murphy
michael.bodnar,michael,bodnar
alan.aronowitz,alan,aronowitz
christian.yoder,christian,yoder
marlene.hilliard,marlene,hilliard
david.roland,david,roland
aimee.lannou,aimee,lannou
pat.clynes,pat,clynes
kerri.thompson,kerri,thompson
lee.papayoti,lee,papayoti
laurel.adams,laurel,adams
elsa.villarreal,elsa,villarreal
evelyn.metoyer,evelyn,metoyer
stephanie.miller,stephanie,miller
stephen.allen,stephen,allen
jean.mrha,jean,mrha
russ.severson,russ,severson
marie.heard,marie,heard
carlos.rodriguez,carlos,rodriguez
peter.keohane,peter,keohane
shelley.corman,shelley,corman
ina.rangel,ina,rangel
monica.lande,monica,lande
david.delainey,david,delainey
alma.carrillo,alma,carrillo
sheila.glover,sheila,glover
mary.poorman,mary,poorman
robert.aicher,robert,aicher
frazier.king,frazier,king
lucy.ortiz,lucy,ortiz
mark.mccoy,mark,mccoy
wendy.koh,wendy,koh
lauri.allen,lauri,allen
lillian.villarreal,lillian,villarreal
shane.dallmann,shane,dallmann
elizabeth.brown,elizabeth,brown
robert.lloyd,robert,lloyd
john.cobb,john,cobb
stephen.douglas,stephen,douglas
drew.fossum,drew,fossum
caroline.barnes,caroline,barnes
carol.clair,carol,clair
lysa.akin,lysa,akin
jarrod.cyprow,jarrod,cyprow
kristen.hanson,kristen,hanson
laura.harder,laura,harder
donna.scott,donna,scott
david.baumbach,david,baumbach
tracy.ngo,tracy,ngo
stephanie.piwetz,stephanie,piwetz
chris.foster,chris,foster
taffy.milligan,taffy,milligan
shari.stack,shari,stack
gerry.medeles,gerry,medeles
frank.hayden,frank,hayden
debra.davidson,debra,davidson
heather.choate,heather,choate
emily.sellers,emily,sellers
carla.hoffman,carla,hoffman
james.saunders,james,saunders
katherine.herrera,katherine,herrera
mark.whitt,mark,whitt
adrial.boals,adrial,boals
raymond.yeow,raymond,yeow
kay.mann,kay,mann
jefferson.sorenson,jefferson,sorenson
lisa.jacobson,lisa,jacobson
rod.nelson,rod,nelson
sharen.cason,sharen,cason
lara.leibman,lara,leibman
liz.bellamy,liz,bellamy
paul.kaufman,paul,kaufman
tim.belden,tim,belden
susan.bailey,susan,bailey
tim.heizenrader,tim,heizenrader
greg.johnston,greg,johnston
christi.nicolay,christi,nicolay
julie.meyers,julie,meyers
lynn.aven,lynn,aven
mark.frevert,mark,frevert
mollie.gustafson,mollie,gustafson
kathleen.carnahan,kathleen,carnahan
marlene.brady,marlene,brady
jean.mcfarland,jean,mcfarland
rob.walls,rob,walls
wade.cline,wade,cline
andrew.fastow,andrew,fastow
jeffrey.mcahon,jeffrey,mcahon
jeffrey.skilling,jeffrey,skilling
kenneth.lay,kenneth,lay
robert.bennet,robert,bennet
